Model,Accuracy,Precision,Recall,F1
QSVM_Subset_300,0.5066666666666667,0.5100814878726871,0.5666666666666668,0.5359563301619376
