Model,Kernel,Accuracy,Precision,Recall,F1
CNN_only,rbf,0.9650000000000001,0.9793696702444278,0.8071428571428572,0.884723283811072
HOG_only,rbf,0.9747619047619047,0.9840979926731285,0.8628571428571428,0.9185877510175825
Fused_PCA_64,rbf,0.9828571428571428,0.9788153929452849,0.917142857142857,0.9466241888704129
Fused_PCA_32,rbf,0.9766666666666666,0.9689336160588068,0.8885714285714286,0.92661869829676
Fused_PCA_16,rbf,0.9588095238095239,0.9486158625286695,0.7957142857142858,0.8652833846992257
Fused_PCA_8,rbf,0.9297619047619049,0.8750062391575616,0.6742857142857143,0.7611234053497942
