Model,Accuracy,Precision,Recall,F1
Classical_SVM_Subset_300,0.9166666666666666,0.9452517502389627,0.8866666666666667,0.9141504575989514
